" ""fling""",,,,
" ""contemplate""",,,,
" ""grind""",,,,
" ""jump""",,,,
" ""waiting""",,,,
" ""sleeping""",,,,
" ""vote""",,,,
" ""offend""",,,,
" ""pounce""",,,,
" ""place""",,,,
" ""mash""",,,,
" ""scrape""",,,,
" ""fluff""",,,,
" ""paddle""",,,,
" ""clubbing""",,,,
" ""stashed""",,,,
" ""bruised""",,,,
" ""broke""",,,,
" ""gestured""",,,,
" ""learn""",,,,
" ""force""",,,,
" ""smash""",,,,
" ""polish""",,,,
" ""spy on""",,,,
" ""text""",,,,
" ""meditate""",,,,
" ""face""",,,,
" ""slip""",,,,
" ""fight""",,,,
" ""chew""",,,,
" ""remind""",,,,
" ""pop""",,,,
" ""change""",,,,
" ""promise""",,,,
" ""licking""",,,,
" ""tasting""",,,,
" ""savour""",,,,
" ""sprint""",,,,
" ""festered""",,,,
" ""prance""",,,,
" ""vibrate""",,,,
" ""build""",,,,
" ""pick """,,,,
" ""sketched""",,,,
" ""chose""",,,,
" ""exit""",,,,
" ""take""",,,,
" ""scatter""",,,,
" ""challenge""",,,,
,,,,
" ""do yoga""",,,,
" ""roast""",,,,
" ""bound""",,,,
" ""abolish""",,,,
" ""grow""",,,,
" ""build""",,,,
" ""push""",,,,
" ""cascade""",,,,
" ""bake""",,,,
" ""scorch""",,,,
" ""impeach""",,,,
" ""chatter""",,,,
" ""record""",,,,
" ""reject""",,,,
" ""excite""",,,,
" ""offend""",,,,
" ""replicate""",,,,
" ""affirm""",,,,
" ""move""",,,,
,,,,
,,,,
,,,,
,,,,
,,,,
" ""go""",,,,
" ""exit""",,,,
" ""leave""",,,,
" ""enter""",,,,